pdf_page,image_index,file_path,width_px,height_px,bbox_on_page,page_side,guessed_media_type,source_pdf
1,1,images/p01_img01_xref1239.png,1480,1027,"-1.2,-1.2,1064.2,738.2",right,photo_or_map,1-北京市残障人士文化旅游资源手册(2).pdf
2,1,images/p02_img01_xref9.png,754,178,"523.1,614.0,1050.3,738.4",right,image,1-北京市残障人士文化旅游资源手册(2).pdf
2,2,images/p02_img02_xref10.png,549,104,"524.5,665.7,908.4,738.4",right,image,1-北京市残障人士文化旅游资源手册(2).pdf
4,1,images/p04_img01_xref21.png,1460,1027,"-1.1,-1.2,1049.9,738.2",left,photo_or_map,1-北京市残障人士文化旅游资源手册(2).pdf
5,1,images/p05_img01_xref26.png,1189,1027,"-1.0,-1.1,855.0,738.1",left,photo_or_map,1-北京市残障人士文化旅游资源手册(2).pdf
6,1,images/p06_img01_xref33.png,352,202,"524.9,61.6,778.1,206.5",right,image,1-北京市残障人士文化旅游资源手册(2).pdf
6,2,images/p06_img02_xref35.png,293,493,"795.5,321.9,1006.3,676.7",right,photo_or_map,1-北京市残障人士文化旅游资源手册(2).pdf
6,3,images/p06_img03_xref37.png,731,457,"-1.0,-1.0,524.6,327.9",left,photo_or_map,1-北京市残障人士文化旅游资源手册(2).pdf
6,4,images/p06_img04_xref39.png,74,74,"418.0,489.0,470.8,541.8",left,qr_or_icon,1-北京市残障人士文化旅游资源手册(2).pdf
6,5,images/p06_img05_xref41.png,109,109,"345.1,489.9,397.1,541.9",left,qr_or_icon,1-北京市残障人士文化旅游资源手册(2).pdf
6,6,images/p06_img06_xref43.png,109,109,"271.1,489.7,323.2,541.8",left,qr_or_icon,1-北京市残障人士文化旅游资源手册(2).pdf
6,7,images/p06_img07_xref45.png,297,145,"269.7,571.3,482.9,675.2",left,image,1-北京市残障人士文化旅游资源手册(2).pdf
7,1,images/p07_img01_xref52.png,732,376,"523.3,415.9,1050.0,686.1",right,photo_or_map,1-北京市残障人士文化旅游资源手册(2).pdf
7,2,images/p07_img02_xref54.png,74,74,"418.7,448.6,471.5,501.5",left,qr_or_icon,1-北京市残障人士文化旅游资源手册(2).pdf
7,3,images/p07_img03_xref56.png,109,109,"344.4,449.6,396.4,501.6",left,qr_or_icon,1-北京市残障人士文化旅游资源手册(2).pdf
7,4,images/p07_img04_xref58.png,109,109,"271.0,449.4,323.1,501.5",left,qr_or_icon,1-北京市残障人士文化旅游资源手册(2).pdf
7,5,images/p07_img05_xref60.png,732,285,"-1.1,61.5,525.4,266.1",left,photo_or_map,1-北京市残障人士文化旅游资源手册(2).pdf
7,6,images/p07_img06_xref62.png,296,199,"270.1,543.0,483.0,686.2",left,image,1-北京市残障人士文化旅游资源手册(2).pdf
8,1,images/p08_img01_xref69.png,294,166,"795.1,61.3,1006.3,180.6",right,image,1-北京市残障人士文化旅游资源手册(2).pdf
8,2,images/p08_img02_xref71.png,610,405,"567.4,398.6,1006.3,689.8",right,photo_or_map,1-北京市残障人士文化旅游资源手册(2).pdf
8,3,images/p08_img03_xref73.png,74,74,"419.4,458.4,472.2,511.3",left,qr_or_icon,1-北京市残障人士文化旅游资源手册(2).pdf
8,4,images/p08_img04_xref75.png,109,109,"345.8,459.4,397.8,511.4",left,qr_or_icon,1-北京市残障人士文化旅游资源手册(2).pdf
8,5,images/p08_img05_xref77.png,109,109,"271.0,459.2,323.1,511.3",left,qr_or_icon,1-北京市残障人士文化旅游资源手册(2).pdf
8,6,images/p08_img06_xref79.png,731,386,"-1.4,-1.2,524.4,276.2",left,photo_or_map,1-北京市残障人士文化旅游资源手册(2).pdf
9,1,images/p09_img01_xref84.png,732,364,"523.4,61.2,1050.0,322.9",right,photo_or_map,1-北京市残障人士文化旅游资源手册(2).pdf
9,2,images/p09_img02_xref86.png,294,183,"795.1,398.1,1006.3,529.6",right,image,1-北京市残障人士文化旅游资源手册(2).pdf
9,3,images/p09_img03_xref88.png,730,364,"-1.1,61.3,524.4,322.8",left,photo_or_map,1-北京市残障人士文化旅游资源手册(2).pdf
9,4,images/p09_img04_xref90.png,74,74,"283.1,512.4,336.0,565.2",left,qr_or_icon,1-北京市残障人士文化旅游资源手册(2).pdf
9,5,images/p09_img05_xref92.png,73,73,"366.2,513.4,418.2,565.4",left,qr_or_icon,1-北京市残障人士文化旅游资源手册(2).pdf
10,1,images/p10_img01_xref99.png,731,368,"524.2,424.9,1049.9,689.5",right,photo_or_map,1-北京市残障人士文化旅游资源手册(2).pdf
10,2,images/p10_img02_xref101.png,294,149,"795.1,282.2,1006.3,389.1",right,image,1-北京市残障人士文化旅游资源手册(2).pdf
10,3,images/p10_img03_xref103.png,74,74,"415.8,625.7,468.7,678.5",left,qr_or_icon,1-北京市残障人士文化旅游资源手册(2).pdf
10,4,images/p10_img04_xref105.png,109,109,"343.7,626.6,395.7,678.7",left,qr_or_icon,1-北京市残障人士文化旅游资源手册(2).pdf
10,5,images/p10_img05_xref107.png,109,109,"271.7,626.5,323.8,678.5",left,qr_or_icon,1-北京市残障人士文化旅游资源手册(2).pdf
10,6,images/p10_img06_xref109.png,730,452,"-1.1,-1.1,524.2,324.3",left,photo_or_map,1-北京市残障人士文化旅游资源手册(2).pdf
10,7,images/p10_img07_xref111.png,294,177,"42.5,561.2,253.7,688.3",left,image,1-北京市残障人士文化旅游资源手册(2).pdf
11,1,images/p11_img01_xref116.png,434,394,"522.7,61.9,779.3,294.8",right,photo_or_map,1-北京市残障人士文化旅游资源手册(2).pdf
11,2,images/p11_img02_xref120.png,309,323,"790.0,447.1,1011.8,679.7",right,photo_or_map,1-北京市残障人士文化旅游资源手册(2).pdf
11,3,images/p11_img03_xref122.png,986,442,"-1.0,60.9,524.1,296.3",left,photo_or_map,1-北京市残障人士文化旅游资源手册(2).pdf
11,4,images/p11_img04_xref124.png,295,177,"42.5,553.6,254.7,680.7",left,image,1-北京市残障人士文化旅游资源手册(2).pdf
11,5,images/p11_img05_xref126.png,74,74,"282.0,477.0,334.9,529.9",left,qr_or_icon,1-北京市残障人士文化旅游资源手册(2).pdf
12,1,images/p12_img01_xref132.png,355,669,"794.5,198.4,1049.9,679.4",right,photo_or_map,1-北京市残障人士文化旅游资源手册(2).pdf
12,2,images/p12_img02_xref134.png,365,191,"524.4,358.7,786.6,495.9",right,image,1-北京市残障人士文化旅游资源手册(2).pdf
12,3,images/p12_img03_xref136.png,365,244,"524.4,504.7,786.6,680.1",right,image,1-北京市残障人士文化旅游资源手册(2).pdf
12,4,images/p12_img04_xref138.png,74,74,"353.5,487.0,406.4,539.9",left,qr_or_icon,1-北京市残障人士文化旅游资源手册(2).pdf
12,5,images/p12_img05_xref140.png,109,109,"281.3,488.0,333.4,540.0",left,qr_or_icon,1-北京市残障人士文化旅游资源手册(2).pdf
12,6,images/p12_img06_xref142.png,732,430,"-1.0,-1.0,525.5,308.0",left,photo_or_map,1-北京市残障人士文化旅游资源手册(2).pdf
12,7,images/p12_img07_xref144.png,294,166,"42.5,560.9,253.7,680.1",left,image,1-北京市残障人士文化旅游资源手册(2).pdf
13,1,images/p13_img01_xref151.png,350,161,"525.0,61.1,776.7,176.9",right,image,1-北京市残障人士文化旅游资源手册(2).pdf
13,2,images/p13_img02_xref155.png,351,175,"524.6,186.3,776.7,311.8",right,image,1-北京市残障人士文化旅游资源手册(2).pdf
13,3,images/p13_img03_xref157.png,346,237,"783.6,507.8,1050.3,690.4",right,image,1-北京市残障人士文化旅游资源手册(2).pdf
13,4,images/p13_img04_xref159.png,353,253,"523.9,507.9,777.7,689.9",right,photo_or_map,1-北京市残障人士文化旅游资源手册(2).pdf
13,5,images/p13_img05_xref161.png,732,350,"-1.2,62.4,525.8,313.6",left,photo_or_map,1-北京市残障人士文化旅游资源手册(2).pdf
13,6,images/p13_img06_xref165.png,294,156,"270.0,578.0,481.2,689.8",left,image,1-北京市残障人士文化旅游资源手册(2).pdf
13,7,images/p13_img07_xref882.png,74,74,"415.8,494.1,468.7,546.9",left,qr_or_icon,1-北京市残障人士文化旅游资源手册(2).pdf
13,8,images/p13_img08_xref167.png,73,73,"343.7,495.1,395.7,547.1",left,qr_or_icon,1-北京市残障人士文化旅游资源手册(2).pdf
13,9,images/p13_img09_xref169.png,73,73,"271.7,494.9,323.8,546.9",left,qr_or_icon,1-北京市残障人士文化旅游资源手册(2).pdf
14,1,images/p14_img01_xref175.png,730,273,"524.4,484.4,1049.8,680.4",right,photo_or_map,1-北京市残障人士文化旅游资源手册(2).pdf
14,2,images/p14_img02_xref177.png,295,148,"795.2,61.3,1007.3,167.2",right,image,1-北京市残障人士文化旅游资源手册(2).pdf
14,3,images/p14_img03_xref179.png,295,188,"795.2,171.4,1007.5,306.6",right,image,1-北京市残障人士文化旅游资源手册(2).pdf
14,4,images/p14_img04_xref181.png,74,74,"349.2,612.2,402.0,665.0",left,qr_or_icon,1-北京市残障人士文化旅游资源手册(2).pdf
14,5,images/p14_img05_xref183.png,109,109,"271.0,613.0,323.1,665.0",left,qr_or_icon,1-北京市残障人士文化旅游资源手册(2).pdf
14,6,images/p14_img06_xref185.png,292,185,"42.5,542.8,252.6,675.8",left,image,1-北京市残障人士文化旅游资源手册(2).pdf
14,7,images/p14_img07_xref187.png,730,323,"-1.0,61.3,524.4,293.4",left,photo_or_map,1-北京市残障人士文化旅游资源手册(2).pdf
15,1,images/p15_img01_xref194.png,373,469,"793.9,379.0,1007.6,647.7",right,photo_or_map,1-北京市残障人士文化旅游资源手册(2).pdf
15,2,images/p15_img02_xref196.png,295,140,"566.5,61.6,778.6,161.7",right,image,1-北京市残障人士文化旅游资源手册(2).pdf
15,3,images/p15_img03_xref198.png,295,207,"566.9,166.7,778.7,315.2",right,image,1-北京市残障人士文化旅游资源手册(2).pdf
15,4,images/p15_img04_xref200.png,74,74,"415.8,617.1,468.7,670.0",left,qr_or_icon,1-北京市残障人士文化旅游资源手册(2).pdf
15,5,images/p15_img05_xref202.png,109,109,"343.7,618.1,395.7,670.1",left,qr_or_icon,1-北京市残障人士文化旅游资源手册(2).pdf
15,6,images/p15_img06_xref204.png,109,109,"271.7,617.9,323.8,670.0",left,qr_or_icon,1-北京市残障人士文化旅游资源手册(2).pdf
15,7,images/p15_img07_xref206.png,294,140,"271.7,378.4,482.9,478.7",left,image,1-北京市残障人士文化旅游资源手册(2).pdf
15,8,images/p15_img08_xref208.png,732,319,"-1.2,62.4,525.7,291.6",left,photo_or_map,1-北京市残障人士文化旅游资源手册(2).pdf
16,1,images/p16_img01_xref214.png,376,626,"779.7,243.3,1049.9,694.0",right,photo_or_map,1-北京市残障人士文化旅游资源手册(2).pdf
16,2,images/p16_img02_xref216.png,353,207,"524.4,540.5,778.1,689.4",right,image,1-北京市残障人士文化旅游资源手册(2).pdf
16,3,images/p16_img03_xref218.png,353,201,"524.4,388.9,778.1,533.1",right,image,1-北京市残障人士文化旅游资源手册(2).pdf
16,4,images/p16_img04_xref220.png,731,382,"-1.1,61.6,524.7,336.6",left,photo_or_map,1-北京市残障人士文化旅游资源手册(2).pdf
16,5,images/p16_img05_xref222.png,294,166,"42.5,561.7,253.6,680.8",left,image,1-北京市残障人士文化旅游资源手册(2).pdf
16,6,images/p16_img06_xref223.png,77,77,"282.1,518.6,337.4,573.9",left,qr_or_icon,1-北京市残障人士文化旅游资源手册(2).pdf
17,1,images/p17_img01_xref228.png,294,201,"795.1,78.2,1006.3,222.8",right,image,1-北京市残障人士文化旅游资源手册(2).pdf
17,2,images/p17_img02_xref230.png,613,491,"566.2,335.9,1007.4,688.8",right,photo_or_map,1-北京市残障人士文化旅游资源手册(2).pdf
17,3,images/p17_img03_xref234.png,109,109,"282.8,515.9,334.8,568.0",left,qr_or_icon,1-北京市残障人士文化旅游资源手册(2).pdf
17,4,images/p17_img04_xref236.png,730,366,"-1.0,62.6,524.4,325.7",left,photo_or_map,1-北京市残障人士文化旅游资源手册(2).pdf
17,5,images/p17_img05_xref238.png,297,175,"41.4,544.7,254.7,670.4",left,image,1-北京市残障人士文化旅游资源手册(2).pdf
18,1,images/p18_img01_xref244.png,294,197,"566.9,545.2,778.1,686.3",right,image,1-北京市残障人士文化旅游资源手册(2).pdf
18,2,images/p18_img02_xref246.png,355,242,"794.5,108.9,1049.9,282.6",right,image,1-北京市残障人士文化旅游资源手册(2).pdf
18,3,images/p18_img03_xref248.png,293,177,"567.4,411.5,778.1,538.3",right,image,1-北京市残障人士文化旅游资源手册(2).pdf
18,4,images/p18_img04_xref250.png,340,490,"794.3,334.7,1038.8,687.4",right,photo_or_map,1-北京市残障人士文化旅游资源手册(2).pdf
18,5,images/p18_img05_xref252.png,732,433,"-1.0,-1.1,525.6,310.0",left,photo_or_map,1-北京市残障人士文化旅游资源手册(2).pdf
18,6,images/p18_img06_xref254.png,294,192,"42.6,553.2,253.7,691.3",left,image,1-北京市残障人士文化旅游资源手册(2).pdf
19,1,images/p19_img01_xref260.png,730,494,"524.4,383.0,1050.0,738.0",right,photo_or_map,1-北京市残障人士文化旅游资源手册(2).pdf
19,2,images/p19_img02_xref262.png,293,125,"795.5,125.3,1006.3,214.5",right,image,1-北京市残障人士文化旅游资源手册(2).pdf
19,3,images/p19_img03_xref264.png,293,196,"795.5,219.6,1006.3,360.3",right,image,1-北京市残障人士文化旅游资源手册(2).pdf
19,4,images/p19_img04_xref266.png,294,160,"42.5,574.8,253.7,689.9",left,image,1-北京市残障人士文化旅游资源手册(2).pdf
19,5,images/p19_img05_xref268.png,730,361,"-1.0,61.7,524.4,321.3",left,photo_or_map,1-北京市残障人士文化旅游资源手册(2).pdf
19,6,images/p19_img06_xref270.png,77,77,"279.3,509.4,334.5,564.6",left,qr_or_icon,1-北京市残障人士文化旅游资源手册(2).pdf
20,1,images/p20_img01_xref276.png,611,374,"566.9,54.5,1006.3,323.5",right,photo_or_map,1-北京市残障人士文化旅游资源手册(2).pdf
20,2,images/p20_img02_xref278.png,292,147,"795.1,457.5,1005.1,563.3",right,image,1-北京市残障人士文化旅游资源手册(2).pdf
20,3,images/p20_img03_xref280.png,294,171,"795.1,566.9,1006.3,689.3",right,image,1-北京市残障人士文化旅游资源手册(2).pdf
20,4,images/p20_img04_xref281.png,73,73,"282.8,497.2,334.8,549.3",left,qr_or_icon,1-北京市残障人士文化旅游资源手册(2).pdf
20,5,images/p20_img05_xref283.png,732,450,"-1.0,-1.1,525.5,322.2",left,photo_or_map,1-北京市残障人士文化旅游资源手册(2).pdf
20,6,images/p20_img06_xref285.png,296,189,"41.8,551.6,254.5,687.2",left,image,1-北京市残障人士文化旅游资源手册(2).pdf
20,7,images/p20_img07_xref287.png,77,77,"371.6,494.8,426.8,550.1",left,qr_or_icon,1-北京市残障人士文化旅游资源手册(2).pdf
21,1,images/p21_img01_xref294.png,294,162,"795.5,76.6,1006.7,192.7",right,image,1-北京市残障人士文化旅游资源手册(2).pdf
21,2,images/p21_img02_xref296.png,730,455,"524.4,362.6,1049.9,689.9",right,photo_or_map,1-北京市残障人士文化旅游资源手册(2).pdf
21,3,images/p21_img03_xref298.png,294,188,"795.5,196.0,1006.7,331.3",right,image,1-北京市残障人士文化旅游资源手册(2).pdf
21,4,images/p21_img04_xref300.png,730,339,"-1.1,-1.1,524.4,242.3",left,photo_or_map,1-北京市残障人士文化旅游资源手册(2).pdf
21,5,images/p21_img05_xref302.png,294,141,"270.1,329.2,481.7,430.1",left,image,1-北京市残障人士文化旅游资源手册(2).pdf
21,6,images/p21_img06_xref304.png,294,189,"42.5,552.6,253.7,688.5",left,image,1-北京市残障人士文化旅游资源手册(2).pdf
21,7,images/p21_img07_xref306.png,74,74,"415.8,531.9,468.7,584.7",left,qr_or_icon,1-北京市残障人士文化旅游资源手册(2).pdf
21,8,images/p21_img08_xref308.png,73,73,"343.7,532.8,395.7,584.9",left,qr_or_icon,1-北京市残障人士文化旅游资源手册(2).pdf
21,9,images/p21_img09_xref310.png,73,73,"271.7,532.6,323.8,584.7",left,qr_or_icon,1-北京市残障人士文化旅游资源手册(2).pdf
22,1,images/p22_img01_xref317.png,294,166,"795.1,550.2,1006.3,669.6",right,image,1-北京市残障人士文化旅游资源手册(2).pdf
22,2,images/p22_img02_xref319.png,732,342,"523.3,62.4,1049.9,308.6",right,photo_or_map,1-北京市残障人士文化旅游资源手册(2).pdf
22,3,images/p22_img03_xref321.png,294,145,"795.1,441.8,1006.3,545.8",right,image,1-北京市残障人士文化旅游资源手册(2).pdf
22,4,images/p22_img04_xref323.png,730,341,"-1.0,63.5,524.4,308.6",left,photo_or_map,1-北京市残障人士文化旅游资源手册(2).pdf
22,5,images/p22_img05_xref325.png,293,118,"42.5,605.4,253.4,690.0",left,image,1-北京市残障人士文化旅游资源手册(2).pdf
22,6,images/p22_img06_xref327.png,294,146,"270.9,351.0,481.8,456.0",left,image,1-北京市残障人士文化旅游资源手册(2).pdf
22,7,images/p22_img07_xref329.png,74,74,"415.8,565.5,468.7,618.4",left,qr_or_icon,1-北京市残障人士文化旅游资源手册(2).pdf
22,8,images/p22_img08_xref331.png,73,73,"343.7,566.5,395.7,618.5",left,qr_or_icon,1-北京市残障人士文化旅游资源手册(2).pdf
22,9,images/p22_img09_xref333.png,73,73,"271.7,566.3,323.8,618.4",left,qr_or_icon,1-北京市残障人士文化旅游资源手册(2).pdf
23,1,images/p23_img01_xref339.png,1190,1027,"-1.2,-1.1,855.2,738.1",left,photo_or_map,1-北京市残障人士文化旅游资源手册(2).pdf
24,1,images/p24_img01_xref365.png,95,95,"132.0,483.9,184.9,536.7",left,qr_or_icon,1-北京市残障人士文化旅游资源手册(2).pdf
24,2,images/p24_img02_xref367.png,109,109,"52.9,484.7,104.9,536.7",left,qr_or_icon,1-北京市残障人士文化旅游资源手册(2).pdf
24,3,images/p24_img03_xref369.png,1111,451,"-8.5,-8.5,524.4,207.9",left,photo_or_map,1-北京市残障人士文化旅游资源手册(2).pdf
24,4,images/p24_img04_xref371.png,111,111,"656.3,360.0,709.2,412.8",right,qr_or_icon,1-北京市残障人士文化旅游资源手册(2).pdf
24,5,images/p24_img05_xref373.png,109,109,"576.5,360.8,628.5,412.8",right,qr_or_icon,1-北京市残障人士文化旅游资源手册(2).pdf
24,6,images/p24_img06_xref375.png,362,304,"564.1,509.5,777.6,688.8",right,photo_or_map,1-北京市残障人士文化旅游资源手册(2).pdf
24,7,images/p24_img07_xref377.png,569,374,"784.2,509.7,1056.9,689.0",right,photo_or_map,1-北京市残障人士文化旅游资源手册(2).pdf
25,1,images/p25_img01_xref382.png,74,74,"657.7,360.0,710.6,412.8",right,qr_or_icon,1-北京市残障人士文化旅游资源手册(2).pdf
25,2,images/p25_img02_xref384.png,109,109,"577.9,360.8,629.9,412.8",right,qr_or_icon,1-北京市残障人士文化旅游资源手册(2).pdf
25,3,images/p25_img03_xref386.png,362,304,"565.5,509.5,779.0,688.8",right,photo_or_map,1-北京市残障人士文化旅游资源手册(2).pdf
25,4,images/p25_img04_xref388.png,367,250,"785.6,509.7,1049.8,689.0",right,image,1-北京市残障人士文化旅游资源手册(2).pdf
25,5,images/p25_img05_xref390.png,95,95,"132.0,483.9,184.9,536.7",left,qr_or_icon,1-北京市残障人士文化旅游资源手册(2).pdf
25,6,images/p25_img06_xref392.png,109,109,"52.9,484.7,104.9,536.7",left,qr_or_icon,1-北京市残障人士文化旅游资源手册(2).pdf
25,7,images/p25_img07_xref394.png,730,291,"-1.0,-1.0,524.4,207.9",left,photo_or_map,1-北京市残障人士文化旅游资源手册(2).pdf
26,1,images/p26_img01_xref397.png,74,74,"361.3,391.9,414.1,444.7",left,qr_or_icon,1-北京市残障人士文化旅游资源手册(2).pdf
26,2,images/p26_img02_xref399.png,109,109,"282.8,392.6,334.9,444.7",left,qr_or_icon,1-北京市残障人士文化旅游资源手册(2).pdf
26,3,images/p26_img03_xref401.png,730,293,"-1.2,479.5,524.2,689.9",left,photo_or_map,1-北京市残障人士文化旅游资源手册(2).pdf
26,4,images/p26_img04_xref402.png,73,73,"805.5,629.0,857.5,681.0",right,qr_or_icon,1-北京市残障人士文化旅游资源手册(2).pdf
26,5,images/p26_img05_xref404.png,730,484,"524.4,-1.1,1049.9,346.8",right,photo_or_map,1-北京市残障人士文化旅游资源手册(2).pdf
26,6,images/p26_img06_xref406.png,295,180,"566.9,560.7,779.1,689.9",right,image,1-北京市残障人士文化旅游资源手册(2).pdf
26,7,images/p26_img07_xref408.png,294,143,"795.1,417.0,1006.3,519.3",right,image,1-北京市残障人士文化旅游资源手册(2).pdf
27,1,images/p27_img01_xref413.png,614,330,"41.4,61.3,483.1,298.2",left,photo_or_map,1-北京市残障人士文化旅游资源手册(2).pdf
27,2,images/p27_img02_xref415.png,74,74,"657.0,376.3,709.9,429.1",right,qr_or_icon,1-北京市残障人士文化旅游资源手册(2).pdf
27,3,images/p27_img03_xref417.png,109,109,"578.6,377.1,630.6,429.1",right,qr_or_icon,1-北京市残障人士文化旅游资源手册(2).pdf
27,4,images/p27_img04_xref419.png,306,156,"566.9,577.7,786.6,689.8",right,image,1-北京市残障人士文化旅游资源手册(2).pdf
27,5,images/p27_img05_xref421.png,297,231,"794.1,523.9,1007.8,689.9",right,image,1-北京市残障人士文化旅游资源手册(2).pdf
28,1,images/p28_img01_xref428.png,74,74,"657.0,523.9,709.9,576.8",right,qr_or_icon,1-北京市残障人士文化旅游资源手册(2).pdf
28,2,images/p28_img02_xref430.png,109,109,"578.6,524.8,630.6,576.8",right,qr_or_icon,1-北京市残障人士文化旅游资源手册(2).pdf
28,3,images/p28_img03_xref432.png,353,186,"524.4,42.3,778.1,175.7",right,image,1-北京市残障人士文化旅游资源手册(2).pdf
28,4,images/p28_img04_xref434.png,294,181,"795.6,416.7,1006.8,547.0",right,image,1-北京市残障人士文化旅游资源手册(2).pdf
28,5,images/p28_img05_xref436.png,294,193,"795.2,551.4,1006.3,689.7",right,image,1-北京市残障人士文化旅游资源手册(2).pdf
28,6,images/p28_img06_xref438.png,294,155,"795.1,302.5,1006.3,413.8",right,image,1-北京市残障人士文化旅游资源手册(2).pdf
28,7,images/p28_img07_xref440.png,109,109,"54.3,508.5,106.3,560.6",left,qr_or_icon,1-北京市残障人士文化旅游资源手册(2).pdf
28,8,images/p28_img08_xref442.png,354,223,"-1.1,61.7,253.7,221.8",left,image,1-北京市残障人士文化旅游资源手册(2).pdf
28,9,images/p28_img09_xref444.png,352,225,"271.1,527.9,524.4,689.8",left,image,1-北京市残障人士文化旅游资源手册(2).pdf
28,10,images/p28_img10_xref446.png,74,74,"132.2,507.7,185.1,560.6",left,qr_or_icon,1-北京市残障人士文化旅游资源手册(2).pdf
29,1,images/p29_img01_xref451.png,74,76,"718.1,625.8,771.0,679.9",right,qr_or_icon,1-北京市残障人士文化旅游资源手册(2).pdf
29,2,images/p29_img02_xref453.png,109,109,"577.9,626.6,629.9,678.6",right,qr_or_icon,1-北京市残障人士文化旅游资源手册(2).pdf
29,3,images/p29_img03_xref455.png,109,109,"52.9,390.1,104.9,442.1",left,qr_or_icon,1-北京市残障人士文化旅游资源手册(2).pdf
29,4,images/p29_img04_xref457.png,369,242,"258.9,514.8,524.4,688.8",left,image,1-北京市残障人士文化旅游资源手册(2).pdf
29,5,images/p29_img05_xref459.png,356,242,"-1.1,514.9,254.8,688.8",left,image,1-北京市残障人士文化旅游资源手册(2).pdf
29,6,images/p29_img06_xref461.png,109,109,"647.7,626.6,699.8,678.6",right,qr_or_icon,1-北京市残障人士文化旅游资源手册(2).pdf
29,7,images/p29_img07_xref465.png,230,161,"524.4,61.0,689.7,176.5",right,image,1-北京市残障人士文化旅游资源手册(2).pdf
29,8,images/p29_img08_xref467.png,336,163,"693.4,61.0,935.0,177.7",right,image,1-北京市残障人士文化旅游资源手册(2).pdf
29,9,images/p29_img09_xref469.png,156,161,"938.0,61.0,1049.9,176.5",right,qr_or_icon,1-北京市残障人士文化旅游资源手册(2).pdf
29,10,images/p29_img10_xref471.png,229,161,"744.4,180.4,909.1,295.9",right,image,1-北京市残障人士文化旅游资源手册(2).pdf
29,11,images/p29_img11_xref473.png,192,162,"912.1,180.4,1049.9,296.5",right,qr_or_icon,1-北京市残障人士文化旅游资源手册(2).pdf
29,12,images/p29_img12_xref475.png,306,164,"523.4,179.2,743.2,297.1",right,image,1-北京市残障人士文化旅游资源手册(2).pdf
29,13,images/p29_img13_xref477.png,74,74,"131.3,389.3,184.2,442.1",left,qr_or_icon,1-北京市残障人士文化旅游资源手册(2).pdf
30,1,images/p30_img01_xref482.png,74,74,"721.0,384.3,773.9,437.1",right,qr_or_icon,1-北京市残障人士文化旅游资源手册(2).pdf
30,2,images/p30_img02_xref484.png,111,111,"648.5,384.1,701.4,437.0",right,qr_or_icon,1-北京市残障人士文化旅游资源手册(2).pdf
30,3,images/p30_img03_xref486.png,109,109,"578.6,384.9,630.6,437.0",right,qr_or_icon,1-北京市残障人士文化旅游资源手册(2).pdf
30,4,images/p30_img04_xref488.png,366,178,"786.6,560.9,1049.9,688.7",right,image,1-北京市残障人士文化旅游资源手册(2).pdf
30,5,images/p30_img05_xref490.png,353,181,"524.4,560.9,778.1,690.7",right,image,1-北京市残障人士文化旅游资源手册(2).pdf
30,6,images/p30_img06_xref491.png,74,74,"198.7,624.1,251.6,676.9",left,qr_or_icon,1-北京市残障人士文化旅游资源手册(2).pdf
30,7,images/p30_img07_xref493.png,109,109,"52.2,624.9,104.2,676.9",left,qr_or_icon,1-北京市残障人士文化旅游资源手册(2).pdf
30,8,images/p30_img08_xref495.png,109,109,"125.4,624.9,177.5,676.9",left,qr_or_icon,1-北京市残障人士文化旅游资源手册(2).pdf
30,9,images/p30_img09_xref497.png,730,319,"-1.1,-1.0,524.4,228.1",left,photo_or_map,1-北京市残障人士文化旅游资源手册(2).pdf
31,1,images/p31_img01_xref503.png,74,74,"643.0,549.2,695.8,602.0",right,qr_or_icon,1-北京市残障人士文化旅游资源手册(2).pdf
31,2,images/p31_img02_xref505.png,109,109,"576.9,550.0,629.0,602.0",right,qr_or_icon,1-北京市残障人士文化旅游资源手册(2).pdf
31,3,images/p31_img03_xref507.png,730,256,"524.4,-1.0,1049.9,182.6",right,photo_or_map,1-北京市残障人士文化旅游资源手册(2).pdf
31,4,images/p31_img04_xref508.png,74,74,"360.9,202.9,413.8,255.8",left,qr_or_icon,1-北京市残障人士文化旅游资源手册(2).pdf
31,5,images/p31_img05_xref510.png,109,109,"282.5,203.7,334.5,255.8",left,qr_or_icon,1-北京市残障人士文化旅游资源手册(2).pdf
31,6,images/p31_img06_xref512.png,296,180,"42.0,344.8,255.1,474.2",left,image,1-北京市残障人士文化旅游资源手册(2).pdf
31,7,images/p31_img07_xref514.png,311,172,"258.7,566.1,481.9,689.9",left,image,1-北京市残障人士文化旅游资源手册(2).pdf
31,8,images/p31_img08_xref516.png,294,296,"42.0,477.0,253.7,690.1",left,photo_or_map,1-北京市残障人士文化旅游资源手册(2).pdf
32,1,images/p32_img01_xref521.png,297,328,"794.1,193.7,1007.3,429.7",right,photo_or_map,1-北京市残障人士文化旅游资源手册(2).pdf
32,2,images/p32_img02_xref523.png,610,297,"567.4,475.7,1006.3,689.4",right,photo_or_map,1-北京市残障人士文化旅游资源手册(2).pdf
32,3,images/p32_img03_xref525.png,294,172,"795.1,62.4,1006.3,186.0",right,image,1-北京市残障人士文化旅游资源手册(2).pdf
32,4,images/p32_img04_xref527.png,111,111,"51.4,624.3,104.2,677.2",left,qr_or_icon,1-北京市残障人士文化旅游资源手册(2).pdf
32,5,images/p32_img05_xref529.png,730,378,"-1.0,-1.1,524.4,271.1",left,photo_or_map,1-北京市残障人士文化旅游资源手册(2).pdf
33,1,images/p33_img01_xref535.png,74,74,"657.2,367.5,710.0,420.4",right,qr_or_icon,1-北京市残障人士文化旅游资源手册(2).pdf
33,2,images/p33_img02_xref537.png,109,109,"578.7,368.3,630.8,420.4",right,qr_or_icon,1-北京市残障人士文化旅游资源手册(2).pdf
33,3,images/p33_img03_xref539.png,296,339,"794.4,449.9,1007.4,693.3",right,photo_or_map,1-北京市残障人士文化旅游资源手册(2).pdf
33,4,images/p33_img04_xref541.png,293,195,"795.6,304.3,1006.3,444.2",right,image,1-北京市残障人士文化旅游资源手册(2).pdf
33,5,images/p33_img05_xref543.png,307,188,"566.7,558.1,787.6,693.1",right,image,1-北京市残障人士文化旅游资源手册(2).pdf
33,6,images/p33_img06_xref545.png,109,109,"54.2,547.2,106.2,599.3",left,qr_or_icon,1-北京市残障人士文化旅游资源手册(2).pdf
33,7,images/p33_img07_xref547.png,209,215,"-1.0,61.1,149.1,215.3",left,image,1-北京市残障人士文化旅游资源手册(2).pdf
33,8,images/p33_img08_xref549.png,214,214,"371.9,62.4,525.6,216.4",left,image,1-北京市残障人士文化旅游资源手册(2).pdf
33,9,images/p33_img09_xref551.png,304,213,"151.1,62.4,369.5,215.3",left,image,1-北京市残障人士文化旅游资源手册(2).pdf
33,10,images/p33_img10_xref553.png,74,74,"132.1,546.4,185.0,599.3",left,qr_or_icon,1-北京市残障人士文化旅游资源手册(2).pdf
34,1,images/p34_img01_xref568.png,1542,2096,"-14.1,-5.9,540.6,748.1",left,photo_or_map,1-北京市残障人士文化旅游资源手册(2).pdf
34,2,images/p34_img02_xref570.png,962,2096,"507.7,-6.6,853.7,747.4",right,photo_or_map,1-北京市残障人士文化旅游资源手册(2).pdf
35,1,images/p35_img01_xref576.png,360,217,"791.3,269.1,1049.8,424.9",right,image,1-北京市残障人士文化旅游资源手册(2).pdf
35,2,images/p35_img02_xref578.png,303,156,"788.6,577.1,1006.3,688.8",right,image,1-北京市残障人士文化旅游资源手册(2).pdf
35,3,images/p35_img03_xref580.png,303,156,"566.9,577.1,784.6,688.8",right,image,1-北京市残障人士文化旅游资源手册(2).pdf
35,4,images/p35_img04_xref582.png,303,163,"566.9,458.7,784.6,575.5",right,image,1-北京市残障人士文化旅游资源手册(2).pdf
35,5,images/p35_img05_xref584.png,303,164,"788.6,457.6,1006.3,575.5",right,image,1-北京市残障人士文化旅游资源手册(2).pdf
35,6,images/p35_img06_xref586.png,732,484,"-1.1,-1.0,525.2,347.0",left,photo_or_map,1-北京市残障人士文化旅游资源手册(2).pdf
35,7,images/p35_img07_xref882.png,74,74,"359.9,523.3,412.7,576.2",left,qr_or_icon,1-北京市残障人士文化旅游资源手册(2).pdf
35,8,images/p35_img08_xref588.png,109,109,"281.2,524.1,333.3,576.2",left,qr_or_icon,1-北京市残障人士文化旅游资源手册(2).pdf
36,1,images/p36_img01_xref598.png,104,104,"884.1,621.6,933.9,671.4",right,qr_or_icon,1-北京市残障人士文化旅游资源手册(2).pdf
36,2,images/p36_img02_xref600.png,109,109,"802.2,620.3,854.3,672.4",right,qr_or_icon,1-北京市残障人士文化旅游资源手册(2).pdf
36,3,images/p36_img03_xref602.png,732,500,"523.4,-1.0,1049.9,358.9",right,photo_or_map,1-北京市残障人士文化旅游资源手册(2).pdf
36,4,images/p36_img04_xref604.png,70,70,"135.4,385.6,185.2,435.3",left,qr_or_icon,1-北京市残障人士文化旅游资源手册(2).pdf
36,5,images/p36_img05_xref605.png,73,73,"53.5,384.2,105.6,436.3",left,qr_or_icon,1-北京市残障人士文化旅游资源手册(2).pdf
36,6,images/p36_img06_xref607.png,353,196,"270.6,-1.0,524.4,140.0",left,image,1-北京市残障人士文化旅游资源手册(2).pdf
36,7,images/p36_img07_xref609.png,353,200,"270.7,141.4,524.4,284.9",left,image,1-北京市残障人士文化旅游资源手册(2).pdf
36,8,images/p36_img08_xref611.png,611,293,"42.3,479.2,481.9,689.9",left,photo_or_map,1-北京市残障人士文化旅游资源手册(2).pdf
37,1,images/p37_img01_xref616.png,70,70,"579.4,352.5,629.2,402.3",right,qr_or_icon,1-北京市残障人士文化旅游资源手册(2).pdf
37,2,images/p37_img02_xref618.png,294,176,"795.1,223.8,1006.3,350.5",right,image,1-北京市残障人士文化旅游资源手册(2).pdf
37,3,images/p37_img03_xref620.png,293,153,"566.9,580.4,777.6,690.2",right,image,1-北京市残障人士文化旅游资源手册(2).pdf
37,4,images/p37_img04_xref622.png,294,171,"795.1,99.3,1006.3,222.4",right,image,1-北京市残障人士文化旅游资源手册(2).pdf
37,5,images/p37_img05_xref624.png,293,175,"271.6,61.4,481.9,187.0",left,image,1-北京市残障人士文化旅游资源手册(2).pdf
37,6,images/p37_img06_xref626.png,294,176,"270.7,195.1,481.9,321.8",left,image,1-北京市残障人士文化旅游资源手册(2).pdf
37,7,images/p37_img07_xref628.png,611,262,"42.5,502.3,481.9,690.2",left,photo_or_map,1-北京市残障人士文化旅游资源手册(2).pdf
38,1,images/p38_img01_xref634.png,74,74,"721.4,625.3,774.3,678.1",right,qr_or_icon,1-北京市残障人士文化旅游资源手册(2).pdf
38,2,images/p38_img02_xref636.png,109,109,"576.5,626.0,628.6,678.1",right,qr_or_icon,1-北京市残障人士文化旅游资源手册(2).pdf
38,3,images/p38_img03_xref638.png,109,109,"649.7,626.0,701.8,678.1",right,qr_or_icon,1-北京市残障人士文化旅游资源手册(2).pdf
38,4,images/p38_img04_xref640.png,732,228,"523.5,-1.1,1049.9,162.6",right,image,1-北京市残障人士文化旅游资源手册(2).pdf
38,5,images/p38_img05_xref642.png,109,109,"52.4,384.7,104.5,436.8",left,qr_or_icon,1-北京市残障人士文化旅游资源手册(2).pdf
38,6,images/p38_img06_xref644.png,363,277,"-1.3,491.1,259.7,690.1",left,photo_or_map,1-北京市残障人士文化旅游资源手册(2).pdf
38,7,images/p38_img07_xref646.png,365,274,"263.2,491.1,525.5,688.3",left,photo_or_map,1-北京市残障人士文化旅游资源手册(2).pdf
39,1,images/p39_img01_xref653.png,74,74,"659.0,351.9,711.9,404.7",right,qr_or_icon,1-北京市残障人士文化旅游资源手册(2).pdf
39,2,images/p39_img02_xref655.png,109,109,"578.6,352.7,630.7,404.7",right,qr_or_icon,1-北京市残障人士文化旅游资源手册(2).pdf
39,3,images/p39_img03_xref657.png,424,180,"744.8,560.9,1049.9,689.9",right,image,1-北京市残障人士文化旅游资源手册(2).pdf
39,4,images/p39_img04_xref659.png,301,180,"524.4,561.0,740.7,689.9",right,image,1-北京市残障人士文化旅游资源手册(2).pdf
39,5,images/p39_img05_xref661.png,74,74,"132.5,624.5,185.3,677.4",left,qr_or_icon,1-北京市残障人士文化旅游资源手册(2).pdf
39,6,images/p39_img06_xref663.png,109,109,"52.1,625.3,104.2,677.4",left,qr_or_icon,1-北京市残障人士文化旅游资源手册(2).pdf
39,7,images/p39_img07_xref665.png,730,350,"-1.1,-1.0,524.4,250.7",left,photo_or_map,1-北京市残障人士文化旅游资源手册(2).pdf
40,1,images/p40_img01_xref670.png,74,74,"658.3,364.0,711.2,416.8",right,qr_or_icon,1-北京市残障人士文化旅游资源手册(2).pdf
40,2,images/p40_img02_xref672.png,109,109,"577.9,364.8,630.0,416.8",right,qr_or_icon,1-北京市残障人士文化旅游资源手册(2).pdf
40,3,images/p40_img03_xref674.png,305,387,"788.2,411.8,1007.4,689.9",right,photo_or_map,1-北京市残障人士文化旅游资源手册(2).pdf
40,4,images/p40_img04_xref676.png,363,317,"523.4,461.1,784.1,688.8",right,photo_or_map,1-北京市残障人士文化旅游资源手册(2).pdf
40,5,images/p40_img05_xref678.png,302,167,"789.2,286.5,1006.3,406.2",right,image,1-北京市残障人士文化旅游资源手册(2).pdf
40,6,images/p40_img06_xref680.png,294,176,"270.7,102.6,481.7,229.0",left,image,1-北京市残障人士文化旅游资源手册(2).pdf
40,7,images/p40_img07_xref682.png,732,320,"-1.3,459.9,525.4,690.0",left,photo_or_map,1-北京市残障人士文化旅游资源手册(2).pdf
41,1,images/p41_img01_xref688.png,74,74,"577.3,419.4,630.1,472.3",right,qr_or_icon,1-北京市残障人士文化旅游资源手册(2).pdf
41,2,images/p41_img02_xref690.png,369,210,"524.4,538.4,789.7,689.3",right,image,1-北京市残障人士文化旅游资源手册(2).pdf
41,3,images/p41_img03_xref692.png,354,205,"795.5,315.2,1049.9,462.6",right,image,1-北京市残障人士文化旅游资源手册(2).pdf
41,4,images/p41_img04_xref694.png,355,306,"794.5,468.0,1050.0,688.2",right,photo_or_map,1-北京市残障人士文化旅游资源手册(2).pdf
41,5,images/p41_img05_xref696.png,74,74,"282.8,425.1,335.7,477.9",left,qr_or_icon,1-北京市残障人士文化旅游资源手册(2).pdf
41,6,images/p41_img06_xref698.png,1062,473,"-1.4,-1.4,524.4,232.8",left,photo_or_map,1-北京市残障人士文化旅游资源手册(2).pdf
41,7,images/p41_img07_xref700.png,426,220,"42.5,579.8,253.7,688.8",left,image,1-北京市残障人士文化旅游资源手册(2).pdf
42,1,images/p42_img01_xref707.png,732,1027,"523.4,-1.0,1049.8,738.0",right,photo_or_map,1-北京市残障人士文化旅游资源手册(2).pdf
42,2,images/p42_img02_xref709.png,74,74,"53.5,348.7,106.3,401.5",left,qr_or_icon,1-北京市残障人士文化旅游资源手册(2).pdf
42,3,images/p42_img03_xref711.png,363,326,"-1.3,454.5,259.4,688.8",left,photo_or_map,1-北京市残障人士文化旅游资源手册(2).pdf
42,4,images/p42_img04_xref713.png,366,325,"262.3,454.4,525.6,688.2",left,photo_or_map,1-北京市残障人士文化旅游资源手册(2).pdf
42,5,images/p42_img05_xref715.png,353,157,"271.0,101.9,524.4,214.7",left,image,1-北京市残障人士文化旅游资源手册(2).pdf
43,1,images/p43_img01_xref729.png,257,186,"633.3,501.0,818.3,634.7",right,image,1-北京市残障人士文化旅游资源手册(2).pdf
43,2,images/p43_img02_xref731.png,261,186,"819.2,501.0,1007.1,634.7",right,image,1-北京市残障人士文化旅游资源手册(2).pdf
43,3,images/p43_img03_xref733.png,270,137,"42.5,536.9,236.3,635.4",left,image,1-北京市残障人士文化旅游资源手册(2).pdf
43,4,images/p43_img04_xref735.png,256,186,"634.4,209.6,818.4,343.3",right,image,1-北京市残障人士文化旅游资源手册(2).pdf
43,5,images/p43_img05_xref737.png,262,187,"819.2,209.3,1007.5,343.2",right,image,1-北京市残障人士文化旅游资源手册(2).pdf
43,6,images/p43_img06_xref739.png,271,126,"42.5,276.6,237.3,367.2",left,image,1-北京市残障人士文化旅游资源手册(2).pdf
43,7,images/p43_img07_xref741.png,136,91,"41.5,210.2,139.4,275.7",left,image,1-北京市残障人士文化旅游资源手册(2).pdf
43,8,images/p43_img08_xref743.png,246,220,"238.4,209.2,415.0,367.4",left,image,1-北京市残障人士文化旅游资源手册(2).pdf
43,9,images/p43_img09_xref745.png,135,92,"139.3,209.5,236.4,275.7",left,image,1-北京市残障人士文化旅游资源手册(2).pdf
43,10,images/p43_img10_xref747.png,248,137,"238.4,537.0,416.3,635.5",left,image,1-北京市残障人士文化旅游资源手册(2).pdf
43,11,images/p43_img11_xref749.png,249,137,"237.4,438.5,416.1,536.9",left,image,1-北京市残障人士文化旅游资源手册(2).pdf
44,1,images/p44_img01_xref768.png,164,109,"41.8,205.1,159.3,283.5",left,image,1-北京市残障人士文化旅游资源手册(2).pdf
44,2,images/p44_img02_xref770.png,175,112,"288.6,204.1,414.0,284.5",left,image,1-北京市残障人士文化旅游资源手册(2).pdf
44,3,images/p44_img03_xref772.png,175,112,"161.2,204.1,286.8,284.6",left,image,1-北京市残障人士文化旅游资源手册(2).pdf
44,4,images/p44_img04_xref774.png,174,147,"40.7,582.9,165.9,688.5",left,qr_or_icon,1-北京市残障人士文化旅游资源手册(2).pdf
44,5,images/p44_img05_xref776.png,174,147,"165.5,582.9,290.5,688.5",left,qr_or_icon,1-北京市残障人士文化旅游资源手册(2).pdf
44,6,images/p44_img06_xref778.png,174,148,"290.2,582.9,415.5,689.4",left,qr_or_icon,1-北京市残障人士文化旅游资源手册(2).pdf
44,7,images/p44_img07_xref780.png,518,247,"41.8,284.2,414.3,461.9",left,image,1-北京市残障人士文化旅游资源手册(2).pdf
